[
    {
        "code": "1",
        "name": "Global"
    },
    {
        "code": "2",
        "name": "Regional"
    },
    {
        "code": "3",
        "name": "Multi-national"
    },
    {
        "code": "4",
        "name": "National"
    },
    {
        "code": "5",
        "name": "Sub-national: Multi-first-level administrative areas"
    },
    {
        "code": "6",
        "name": "Sub-national: Single first-level administrative area"
    },
    {
        "code": "7",
        "name": "Sub-national: Single second-level administrative area"
    },
    {
        "code": "8",
        "name": "Single location"
    }
]