{
  "results": [
    {
      "count": 556,
      "participating_organisation": "-",
      "participating_organisation_ref": "-"
    },
    {
      "count": 21,
      "participating_organisation": "?",
      "participating_organisation_ref": "?"
    },
    {
      "count": 5,
      "participating_organisation": "?",
      "participating_organisation_ref": "NL-KVK-27302841"
    },
    {
      "count": 8,
      "participating_organisation": "1,000 Days",
      "participating_organisation_ref": "US-EIN-47-1062064"
    },
    {
      "count": 1,
      "participating_organisation": "11.11.11",
      "participating_organisation_ref": "BE-BCE_KBO-0421210424"
    },
    {
      "count": 1,
      "participating_organisation": "11.11.11 - Koepel van de Vlaamse Noord-Zuidbeweging vzw",
      "participating_organisation_ref": "XM-OCHA-FTS14644"
    },
    {
      "count": 1,
      "participating_organisation": "1%Club",
      "participating_organisation_ref": "NL-KVK-3427895"
    },
    {
      "count": 1,
      "participating_organisation": "1. HISTORY↵Why, when and by whom was the organisat…↵The Advocates Coalition for Development and Envi",
      "participating_organisation_ref": "507918"
    },
    {
      "count": 4,
      "participating_organisation": "1. Legal status↵- Registration for income tax exem…1990 under Registrar Joint Stock Companies, Minis",
      "participating_organisation_ref": "506281"
    },
    {
      "count": 1,
      "participating_organisation": "1. The Company may raise capital in the following …tributed by members, the increased contributedcap",
      "participating_organisation_ref": "507337"
    },
    {
      "count": 1,
      "participating_organisation": "21st Century Informatics B.V.",
      "participating_organisation_ref": "NL-KVK-27368012"
    },
    {
      "count": 1,
      "participating_organisation": "2Bglobal BV",
      "participating_organisation_ref": "NL-KVK-32124463"
    },
    {
      "count": 1,
      "participating_organisation": "2. Functions and tasks↵2.1 Functions:↵        CEWA…f planning, management and sustainable developmen",
      "participating_organisation_ref": "507257"
    },
    {
      "count": 21,
      "participating_organisation": "3F - Fagligt Fælles Forbund",
      "participating_organisation_ref": "DK-CVR-DK-CVR | Danish Central Busine"
    },
    {
      "count": 1,
      "participating_organisation": "4Front Oy",
      "participating_organisation_ref": "61004"
    },
    {
      "count": 1,
      "participating_organisation": "4Front Oy",
      "participating_organisation_ref": "61009"
    },
    {
      "count": 2,
      "participating_organisation": "4 PX Express Co.,Ltd",
      "participating_organisation_ref": "13323"
    },
    {
      "count": 1,
      "participating_organisation": "4 Returns Partners B.V.",
      "participating_organisation_ref": "NL-KVK-66931304"
    },
    {
      "count": 1,
      "participating_organisation": "7A is an NGO that operates in the region of Kolda … food sovereignty, environment and rural entrepre",
      "participating_organisation_ref": "507122"
    },
    {
      "count": 1,
      "participating_organisation": "9.1 Name of Organisation Ethiopian Evangelical Chu…abilitation for People with Disabilities (NRfPwD)",
      "participating_organisation_ref": "ETH-0397"
    },
    {
      "count": 7,
      "participating_organisation": "92-GRUPPEN",
      "participating_organisation_ref": "DK-CVR-DK-CVR | Danish Central Busine"
    },
    {
      "count": 5,
      "participating_organisation": "A2N is an national NGO implementing projects in na…uth Western, Western and Central Uganda. The imme",
      "participating_organisation_ref": "506946"
    },
    {
      "count": 9,
      "participating_organisation": "AAAPS - Asociación Asturiana de Amigos del Pueblo Saharaui",
      "participating_organisation_ref": "AC-1087"
    },
    {
      "count": 2,
      "participating_organisation": "Aadamiga USA",
      "participating_organisation_ref": "XM-OCHA-FTS16217"
    },
    {
      "count": 1,
      "participating_organisation": "Aalto-korkeakoulusaatio sr",
      "participating_organisation_ref": "22000"
    },
    {
      "count": 2,
      "participating_organisation": "Aalto University",
      "participating_organisation_ref": "22000"
    },
    {
      "count": 1,
      "participating_organisation": "Aalto University",
      "participating_organisation_ref": "51000"
    },
    {
      "count": 3,
      "participating_organisation": "Aamin Voluntary Relief Organization",
      "participating_organisation_ref": "XM-OCHA-FTS14014"
    },
    {
      "count": 1,
      "participating_organisation": "AAP",
      "participating_organisation_ref": "XM-OCHA-FTS15331"
    },
    {
      "count": 2,
      "participating_organisation": "Aapasi Sahayog Kendra Syangja Nepal (ASK Nepal)",
      "participating_organisation_ref": "NP-SWC-8220"
    },
    {
      "count": 2,
      "participating_organisation": "AAPSIB - ASSOCIACIÓ D'AMICS DEL POBLE SAHRAUÍ DE LES ILLES BALEAR S",
      "participating_organisation_ref": "AC-1089"
    },
    {
      "count": 3,
      "participating_organisation": "AAPSIB - ASSOCIACIÓ D’AMICS DEL POBLE SAHRAUÍ DE LES ILLES BALEAR S",
      "participating_organisation_ref": "AC-1089"
    },
    {
      "count": 1,
      "participating_organisation": "AAR",
      "participating_organisation_ref": "52000"
    },
    {
      "count": 1,
      "participating_organisation": "AARAMBH (Advocacy for Alternative Resources Action Mobilisation and Brotherhood)",
      "participating_organisation_ref": "0"
    },
    {
      "count": 1,
      "participating_organisation": "Aarding Thermal Acoustics B.V.",
      "participating_organisation_ref": "NL-KVK-08070459"
    },
    {
      "count": 1,
      "participating_organisation": "Aar Social Development Ass. ASDA ry",
      "participating_organisation_ref": "22000"
    },
    {
      "count": 4,
      "participating_organisation": "Aar Social Development Association ry",
      "participating_organisation_ref": "22000"
    },
    {
      "count": 1,
      "participating_organisation": "Aasaman Nepal",
      "participating_organisation_ref": "NP-SWC-27693"
    },
    {
      "count": 3,
      "participating_organisation": "AAWORD (AFARD in French) is a membership organisat… the African feminist research that is critical i",
      "participating_organisation_ref": "504898"
    },
    {
      "count": 2,
      "participating_organisation": "ABAAD-Resource Center for Gender Equality",
      "participating_organisation_ref": "XM-OCHA-FTS17017"
    },
    {
      "count": 7,
      "participating_organisation": "ABAB Accountants BV",
      "participating_organisation_ref": "ABAB Accountants"
    },
    {
      "count": 1,
      "participating_organisation": "Abaseen Foundation",
      "participating_organisation_ref": "GB-CHC-1157009"
    },
    {
      "count": 1,
      "participating_organisation": "Abaseen Foundation UK",
      "participating_organisation_ref": "GB-CHC-1157009"
    },
    {
      "count": 1,
      "participating_organisation": "ABB",
      "participating_organisation_ref": "61002"
    },
    {
      "count": 1,
      "participating_organisation": "AB BANK RWANDA LTD",
      "participating_organisation_ref": "70-Private Sector"
    },
    {
      "count": 1,
      "participating_organisation": "AB BANK ZAMBIA LTD",
      "participating_organisation_ref": "70-Private Sector"
    },
    {
      "count": 4,
      "participating_organisation": "ABB Oy",
      "participating_organisation_ref": "50000"
    },
    {
      "count": 1,
      "participating_organisation": "ABCD About Brands Concepts Design",
      "participating_organisation_ref": "NL-KVK-34267632"
    },
    {
      "count": 1,
      "participating_organisation": "Abdel Mohsen Qattan Foundation",
      "participating_organisation_ref": "XM-OCHA-FTS17595"
    },
    {
      "count": 12,
      "participating_organisation": "Aberdare Saving and Credit Co-operative Society Limited",
      "participating_organisation_ref": "AD SACCO"
    }
  ]
}