{
  "results": [
    {
      "recipient_region": {
        "url": "http://store.staging.iati.cloud/api/regions/1/?format=json",
        "code": "1",
        "name": "Vocubulary 99"
      },
      "count": 19
    },
    {
      "recipient_region": {
        "url": "http://store.staging.iati.cloud/api/regions/10/?format=json",
        "code": "10",
        "name": "Vocubulary 99"
      },
      "count": 131
    },
    {
      "recipient_region": {
        "url": "http://store.staging.iati.cloud/api/regions/189/?format=json",
        "code": "189",
        "name": "North of Sahara, regional"
      },
      "count": 3941
    },
    {
      "recipient_region": {
        "url": "http://store.staging.iati.cloud/api/regions/2/?format=json",
        "code": "2",
        "name": "Vocabulary 99"
      },
      "count": 72
    },
    {
      "recipient_region": {
        "url": "http://store.staging.iati.cloud/api/regions/289/?format=json",
        "code": "289",
        "name": "South of Sahara, regional"
      },
      "count": 14484
    },
    {
      "recipient_region": {
        "url": "http://store.staging.iati.cloud/api/regions/298/?format=json",
        "code": "298",
        "name": "Africa, regional"
      },
      "count": 8864
    },
    {
      "recipient_region": {
        "url": "http://store.staging.iati.cloud/api/regions/3/?format=json",
        "code": "3",
        "name": "Vocubulary 99"
      },
      "count": 31
    },
    {
      "recipient_region": {
        "url": "http://store.staging.iati.cloud/api/regions/380/?format=json",
        "code": "380",
        "name": "West Indies, regional"
      },
      "count": 1108
    },
    {
      "recipient_region": {
        "url": "http://store.staging.iati.cloud/api/regions/389/?format=json",
        "code": "389",
        "name": "North & Central America, regional"
      },
      "count": 8832
    },
    {
      "recipient_region": {
        "url": "http://store.staging.iati.cloud/api/regions/4/?format=json",
        "code": "4",
        "name": "Vocubulary 99"
      },
      "count": 15
    },
    {
      "recipient_region": {
        "url": "http://store.staging.iati.cloud/api/regions/489/?format=json",
        "code": "489",
        "name": "South America, regional"
      },
      "count": 9358
    },
    {
      "recipient_region": {
        "url": "http://store.staging.iati.cloud/api/regions/498/?format=json",
        "code": "498",
        "name": "America, regional"
      },
      "count": 2986
    },
    {
      "recipient_region": {
        "url": "http://store.staging.iati.cloud/api/regions/5/?format=json",
        "code": "5",
        "name": "Vocubulary 99"
      },
      "count": 28
    },
    {
      "recipient_region": {
        "url": "http://store.staging.iati.cloud/api/regions/589/?format=json",
        "code": "589",
        "name": "Middle East, regional"
      },
      "count": 4276
    },
    {
      "recipient_region": {
        "url": "http://store.staging.iati.cloud/api/regions/6/?format=json",
        "code": "6",
        "name": "Vocubulary 99"
      },
      "count": 17
    },
    {
      "recipient_region": {
        "url": "http://store.staging.iati.cloud/api/regions/619/?format=json",
        "code": "619",
        "name": "Central Asia, regional"
      },
      "count": 1307
    },
    {
      "recipient_region": {
        "url": "http://store.staging.iati.cloud/api/regions/66/?format=json",
        "code": "66",
        "name": "Vocabulary 99"
      },
      "count": 85
    },
    {
      "recipient_region": {
        "url": "http://store.staging.iati.cloud/api/regions/67/?format=json",
        "code": "67",
        "name": "Vocabulary 99"
      },
      "count": 210
    },
    {
      "recipient_region": {
        "url": "http://store.staging.iati.cloud/api/regions/679/?format=json",
        "code": "679",
        "name": "South Asia, regional"
      },
      "count": 1420
    },
    {
      "recipient_region": {
        "url": "http://store.staging.iati.cloud/api/regions/68/?format=json",
        "code": "68",
        "name": "Vocabulary 99"
      },
      "count": 180
    },
    {
      "recipient_region": {
        "url": "http://store.staging.iati.cloud/api/regions/689/?format=json",
        "code": "689",
        "name": "South & Central Asia, regional"
      },
      "count": 854
    },
    {
      "recipient_region": {
        "url": "http://store.staging.iati.cloud/api/regions/69/?format=json",
        "code": "69",
        "name": "Vocabulary 99"
      },
      "count": 56
    },
    {
      "recipient_region": {
        "url": "http://store.staging.iati.cloud/api/regions/70/?format=json",
        "code": "70",
        "name": "Vocabulary 99"
      },
      "count": 139
    },
    {
      "recipient_region": {
        "url": "http://store.staging.iati.cloud/api/regions/789/?format=json",
        "code": "789",
        "name": "Far East Asia, regional"
      },
      "count": 2783
    },
    {
      "recipient_region": {
        "url": "http://store.staging.iati.cloud/api/regions/798/?format=json",
        "code": "798",
        "name": "Asia, regional"
      },
      "count": 4660
    },
    {
      "recipient_region": {
        "url": "http://store.staging.iati.cloud/api/regions/88/?format=json",
        "code": "88",
        "name": "States Ex-Yugoslavia unspecified"
      },
      "count": 72
    },
    {
      "recipient_region": {
        "url": "http://store.staging.iati.cloud/api/regions/889/?format=json",
        "code": "889",
        "name": "Oceania, regional"
      },
      "count": 828
    },
    {
      "recipient_region": {
        "url": "http://store.staging.iati.cloud/api/regions/89/?format=json",
        "code": "89",
        "name": "Europe, regional"
      },
      "count": 7690
    },
    {
      "recipient_region": {
        "url": "http://store.staging.iati.cloud/api/regions/99/?format=json",
        "code": "99",
        "name": "Vocabulary 99"
      },
      "count": 330
    },
    {
      "recipient_region": {
        "url": "http://store.staging.iati.cloud/api/regions/998/?format=json",
        "code": "998",
        "name": "Developing countries, unspecified"
      },
      "count": 255000
    },
    {
      "recipient_region": {
        "url": "http://store.staging.iati.cloud/api/regions/AA/?format=json",
        "code": "AA",
        "name": "Vocubulary 99"
      },
      "count": 603
    },
    {
      "recipient_region": {
        "url": "http://store.staging.iati.cloud/api/regions/afr/?format=json",
        "code": "afr",
        "name": "Vocabulary 99"
      },
      "count": 6
    },
    {
      "recipient_region": {
        "url": "http://store.staging.iati.cloud/api/regions/africa-regional/?format=json",
        "code": "africa-regional",
        "name": "Vocabulary 99"
      },
      "count": 82
    },
    {
      "recipient_region": {
        "url": "http://store.staging.iati.cloud/api/regions/ame/?format=json",
        "code": "ame",
        "name": "Vocabulary 99"
      },
      "count": 6
    },
    {
      "recipient_region": {
        "url": "http://store.staging.iati.cloud/api/regions/americas-regional/?format=json",
        "code": "americas-regional",
        "name": "Vocabulary 99"
      },
      "count": 48
    },
    {
      "recipient_region": {
        "url": "http://store.staging.iati.cloud/api/regions/andean-countries/?format=json",
        "code": "andean-countries",
        "name": "Vocabulary 99"
      },
      "count": 2
    },
    {
      "recipient_region": {
        "url": "http://store.staging.iati.cloud/api/regions/AP/?format=json",
        "code": "AP",
        "name": "Vocubulary 99"
      },
      "count": 93
    },
    {
      "recipient_region": {
        "url": "http://store.staging.iati.cloud/api/regions/arab-states-regional/?format=json",
        "code": "arab-states-regional",
        "name": "Vocabulary 99"
      },
      "count": 21
    },
    {
      "recipient_region": {
        "url": "http://store.staging.iati.cloud/api/regions/AS/?format=json",
        "code": "AS",
        "name": "Vocubulary 99"
      },
      "count": 177
    },
    {
      "recipient_region": {
        "url": "http://store.staging.iati.cloud/api/regions/asia-and-the-pacific-regional/?format=json",
        "code": "asia-and-the-pacific-regional",
        "name": "Vocabulary 99"
      },
      "count": 133
    },
    {
      "recipient_region": {
        "url": "http://store.staging.iati.cloud/api/regions/aso/?format=json",
        "code": "aso",
        "name": "Vocabulary 99"
      },
      "count": 6
    },
    {
      "recipient_region": {
        "url": "http://store.staging.iati.cloud/api/regions/c6/?format=json",
        "code": "c6",
        "name": "Vocabulary 99"
      },
      "count": 100
    },
    {
      "recipient_region": {
        "url": "http://store.staging.iati.cloud/api/regions/caribbean-islands/?format=json",
        "code": "caribbean-islands",
        "name": "Vocabulary 99"
      },
      "count": 8
    },
    {
      "recipient_region": {
        "url": "http://store.staging.iati.cloud/api/regions/del_gn/?format=json",
        "code": "del_gn",
        "name": "Vocabulary 99"
      },
      "count": 1
    },
    {
      "recipient_region": {
        "url": "http://store.staging.iati.cloud/api/regions/del_ht/?format=json",
        "code": "del_ht",
        "name": "Vocabulary 99"
      },
      "count": 1
    },
    {
      "recipient_region": {
        "url": "http://store.staging.iati.cloud/api/regions/del_il/?format=json",
        "code": "del_il",
        "name": "Vocabulary 99"
      },
      "count": 3
    },
    {
      "recipient_region": {
        "url": "http://store.staging.iati.cloud/api/regions/eastern-europe-and-central-asia/?format=json",
        "code": "eastern-europe-and-central-asia",
        "name": "Vocabulary 99"
      },
      "count": 9
    },
    {
      "recipient_region": {
        "url": "http://store.staging.iati.cloud/api/regions/ET-OR/?format=json",
        "code": "ET-OR",
        "name": "Vocubulary 99"
      },
      "count": 1
    },
    {
      "recipient_region": {
        "url": "http://store.staging.iati.cloud/api/regions/ET-TI/?format=json",
        "code": "ET-TI",
        "name": "Vocubulary 99"
      },
      "count": 1
    },
    {
      "recipient_region": {
        "url": "http://store.staging.iati.cloud/api/regions/eur/?format=json",
        "code": "eur",
        "name": "Vocabulary 99"
      },
      "count": 6
    },
    {
      "recipient_region": {
        "url": "http://store.staging.iati.cloud/api/regions/europe-and-central-asia-regional/?format=json",
        "code": "europe-and-central-asia-regional",
        "name": "Vocabulary 99"
      },
      "count": 28
    },
    {
      "recipient_region": {
        "url": "http://store.staging.iati.cloud/api/regions/gbl/?format=json",
        "code": "gbl",
        "name": "Vocabulary 99"
      },
      "count": 2
    },
    {
      "recipient_region": {
        "url": "http://store.staging.iati.cloud/api/regions/global/?format=json",
        "code": "global",
        "name": "Vocabulary 99"
      },
      "count": 785
    },
    {
      "recipient_region": {
        "url": "http://store.staging.iati.cloud/api/regions/inter-regional/?format=json",
        "code": "inter-regional",
        "name": "Vocabulary 99"
      },
      "count": 84
    },
    {
      "recipient_region": {
        "url": "http://store.staging.iati.cloud/api/regions/KE-200/?format=json",
        "code": "KE-200",
        "name": "Vocubulary 99"
      },
      "count": 1
    },
    {
      "recipient_region": {
        "url": "http://store.staging.iati.cloud/api/regions/KE-400/?format=json",
        "code": "KE-400",
        "name": "Vocubulary 99"
      },
      "count": 1
    },
    {
      "recipient_region": {
        "url": "http://store.staging.iati.cloud/api/regions/LT/?format=json",
        "code": "LT",
        "name": "Vocubulary 99"
      },
      "count": 138
    },
    {
      "recipient_region": {
        "url": "http://store.staging.iati.cloud/api/regions/m0/?format=json",
        "code": "m0",
        "name": "Vocabulary 99"
      },
      "count": 385
    },
    {
      "recipient_region": {
        "url": "http://store.staging.iati.cloud/api/regions/m1/?format=json",
        "code": "m1",
        "name": "Vocabulary 99"
      },
      "count": 19
    },
    {
      "recipient_region": {
        "url": "http://store.staging.iati.cloud/api/regions/m2/?format=json",
        "code": "m2",
        "name": "Vocabulary 99"
      },
      "count": 105
    },
    {
      "recipient_region": {
        "url": "http://store.staging.iati.cloud/api/regions/m3/?format=json",
        "code": "m3",
        "name": "Vocabulary 99"
      },
      "count": 40
    },
    {
      "recipient_region": {
        "url": "http://store.staging.iati.cloud/api/regions/m4/?format=json",
        "code": "m4",
        "name": "Vocabulary 99"
      },
      "count": 27
    },
    {
      "recipient_region": {
        "url": "http://store.staging.iati.cloud/api/regions/m5/?format=json",
        "code": "m5",
        "name": "Vocabulary 99"
      },
      "count": 16
    },
    {
      "recipient_region": {
        "url": "http://store.staging.iati.cloud/api/regions/mena/?format=json",
        "code": "mena",
        "name": "Vocabulary 99"
      },
      "count": 6
    },
    {
      "recipient_region": {
        "url": "http://store.staging.iati.cloud/api/regions/ML-2/?format=json",
        "code": "ML-2",
        "name": "Vocubulary 99"
      },
      "count": 2
    },
    {
      "recipient_region": {
        "url": "http://store.staging.iati.cloud/api/regions/ML-3/?format=json",
        "code": "ML-3",
        "name": "Vocubulary 99"
      },
      "count": 1
    },
    {
      "recipient_region": {
        "url": "http://store.staging.iati.cloud/api/regions/ML-5/?format=json",
        "code": "ML-5",
        "name": "Vocubulary 99"
      },
      "count": 1
    },
    {
      "recipient_region": {
        "url": "http://store.staging.iati.cloud/api/regions/NP-BH/?format=json",
        "code": "NP-BH",
        "name": "Vocubulary 99"
      },
      "count": 1
    },
    {
      "recipient_region": {
        "url": "http://store.staging.iati.cloud/api/regions/NP-GA/?format=json",
        "code": "NP-GA",
        "name": "Vocubulary 99"
      },
      "count": 2
    },
    {
      "recipient_region": {
        "url": "http://store.staging.iati.cloud/api/regions/NP-RA/?format=json",
        "code": "NP-RA",
        "name": "Vocubulary 99"
      },
      "count": 1
    },
    {
      "recipient_region": {
        "url": "http://store.staging.iati.cloud/api/regions/QM/?format=json",
        "code": "QM",
        "name": "Vocubulary 99"
      },
      "count": 44
    },
    {
      "recipient_region": {
        "url": "http://store.staging.iati.cloud/api/regions/qmz/?format=json",
        "code": "qmz",
        "name": "Vocabulary 99"
      },
      "count": 11
    },
    {
      "recipient_region": {
        "url": "http://store.staging.iati.cloud/api/regions/qnb/?format=json",
        "code": "qnb",
        "name": "Vocabulary 99"
      },
      "count": 10
    },
    {
      "recipient_region": {
        "url": "http://store.staging.iati.cloud/api/regions/qpa/?format=json",
        "code": "qpa",
        "name": "Vocabulary 99"
      },
      "count": 13
    },
    {
      "recipient_region": {
        "url": "http://store.staging.iati.cloud/api/regions/qpb/?format=json",
        "code": "qpb",
        "name": "Vocabulary 99"
      },
      "count": 2
    },
    {
      "recipient_region": {
        "url": "http://store.staging.iati.cloud/api/regions/qpf/?format=json",
        "code": "qpf",
        "name": "Vocabulary 99"
      },
      "count": 5
    },
    {
      "recipient_region": {
        "url": "http://store.staging.iati.cloud/api/regions/qra/?format=json",
        "code": "qra",
        "name": "Vocabulary 99"
      },
      "count": 15
    },
    {
      "recipient_region": {
        "url": "http://store.staging.iati.cloud/api/regions/qrb/?format=json",
        "code": "qrb",
        "name": "Vocabulary 99"
      },
      "count": 2
    },
    {
      "recipient_region": {
        "url": "http://store.staging.iati.cloud/api/regions/qrc/?format=json",
        "code": "qrc",
        "name": "Vocabulary 99"
      },
      "count": 2
    },
    {
      "recipient_region": {
        "url": "http://store.staging.iati.cloud/api/regions/qrd/?format=json",
        "code": "qrd",
        "name": "Vocabulary 99"
      },
      "count": 1
    },
    {
      "recipient_region": {
        "url": "http://store.staging.iati.cloud/api/regions/qsa/?format=json",
        "code": "qsa",
        "name": "Vocabulary 99"
      },
      "count": 1
    },
    {
      "recipient_region": {
        "url": "http://store.staging.iati.cloud/api/regions/qsd/?format=json",
        "code": "qsd",
        "name": "Vocabulary 99"
      },
      "count": 4
    },
    {
      "recipient_region": {
        "url": "http://store.staging.iati.cloud/api/regions/qse/?format=json",
        "code": "qse",
        "name": "Vocabulary 99"
      },
      "count": 4
    },
    {
      "recipient_region": {
        "url": "http://store.staging.iati.cloud/api/regions/qsf/?format=json",
        "code": "qsf",
        "name": "Vocabulary 99"
      },
      "count": 2
    },
    {
      "recipient_region": {
        "url": "http://store.staging.iati.cloud/api/regions/qtd/?format=json",
        "code": "qtd",
        "name": "Vocabulary 99"
      },
      "count": 1
    },
    {
      "recipient_region": {
        "url": "http://store.staging.iati.cloud/api/regions/qua/?format=json",
        "code": "qua",
        "name": "Vocabulary 99"
      },
      "count": 9
    },
    {
      "recipient_region": {
        "url": "http://store.staging.iati.cloud/api/regions/r00/?format=json",
        "code": "r00",
        "name": "Vocabulary 99"
      },
      "count": 6
    },
    {
      "recipient_region": {
        "url": "http://store.staging.iati.cloud/api/regions/r01/?format=json",
        "code": "r01",
        "name": "Vocabulary 99"
      },
      "count": 132
    },
    {
      "recipient_region": {
        "url": "http://store.staging.iati.cloud/api/regions/r02/?format=json",
        "code": "r02",
        "name": "Vocabulary 99"
      },
      "count": 42
    },
    {
      "recipient_region": {
        "url": "http://store.staging.iati.cloud/api/regions/r03/?format=json",
        "code": "r03",
        "name": "Vocabulary 99"
      },
      "count": 162
    },
    {
      "recipient_region": {
        "url": "http://store.staging.iati.cloud/api/regions/r05/?format=json",
        "code": "r05",
        "name": "Vocabulary 99"
      },
      "count": 136
    },
    {
      "recipient_region": {
        "url": "http://store.staging.iati.cloud/api/regions/r06/?format=json",
        "code": "r06",
        "name": "Vocabulary 99"
      },
      "count": 437
    },
    {
      "recipient_region": {
        "url": "http://store.staging.iati.cloud/api/regions/r07/?format=json",
        "code": "r07",
        "name": "Vocabulary 99"
      },
      "count": 8
    },
    {
      "recipient_region": {
        "url": "http://store.staging.iati.cloud/api/regions/r99/?format=json",
        "code": "r99",
        "name": "Vocabulary 99"
      },
      "count": 8
    },
    {
      "recipient_region": {
        "url": "http://store.staging.iati.cloud/api/regions/rab/?format=json",
        "code": "rab",
        "name": "Vocabulary 99"
      },
      "count": 1
    },
    {
      "recipient_region": {
        "url": "http://store.staging.iati.cloud/api/regions/reg_abi/?format=json",
        "code": "reg_abi",
        "name": "Vocabulary 99"
      },
      "count": 3
    },
    {
      "recipient_region": {
        "url": "http://store.staging.iati.cloud/api/regions/reg_ant/?format=json",
        "code": "reg_ant",
        "name": "Vocabulary 99"
      },
      "count": 3
    },
    {
      "recipient_region": {
        "url": "http://store.staging.iati.cloud/api/regions/reg_bal/?format=json",
        "code": "reg_bal",
        "name": "Vocabulary 99"
      },
      "count": 3
    },
    {
      "recipient_region": {
        "url": "http://store.staging.iati.cloud/api/regions/reg_ban/?format=json",
        "code": "reg_ban",
        "name": "Vocabulary 99"
      },
      "count": 3
    },
    {
      "recipient_region": {
        "url": "http://store.staging.iati.cloud/api/regions/reg_bej/?format=json",
        "code": "reg_bej",
        "name": "Vocabulary 99"
      },
      "count": 3
    },
    {
      "recipient_region": {
        "url": "http://store.staging.iati.cloud/api/regions/reg_bra/?format=json",
        "code": "reg_bra",
        "name": "Vocabulary 99"
      },
      "count": 3
    },
    {
      "recipient_region": {
        "url": "http://store.staging.iati.cloud/api/regions/reg_caa/?format=json",
        "code": "reg_caa",
        "name": "Vocabulary 99"
      },
      "count": 3
    },
    {
      "recipient_region": {
        "url": "http://store.staging.iati.cloud/api/regions/reg_dak/?format=json",
        "code": "reg_dak",
        "name": "Vocabulary 99"
      },
      "count": 3
    },
    {
      "recipient_region": {
        "url": "http://store.staging.iati.cloud/api/regions/reg_del/?format=json",
        "code": "reg_del",
        "name": "Vocabulary 99"
      },
      "count": 3
    },
    {
      "recipient_region": {
        "url": "http://store.staging.iati.cloud/api/regions/reg_dja/?format=json",
        "code": "reg_dja",
        "name": "Vocabulary 99"
      },
      "count": 3
    },
    {
      "recipient_region": {
        "url": "http://store.staging.iati.cloud/api/regions/reg_har/?format=json",
        "code": "reg_har",
        "name": "Vocabulary 99"
      },
      "count": 1
    },
    {
      "recipient_region": {
        "url": "http://store.staging.iati.cloud/api/regions/regional/?format=json",
        "code": "regional",
        "name": "Vocabulary 99"
      },
      "count": 30
    },
    {
      "recipient_region": {
        "url": "http://store.staging.iati.cloud/api/regions/reg_kow/?format=json",
        "code": "reg_kow",
        "name": "Vocabulary 99"
      },
      "count": 3
    },
    {
      "recipient_region": {
        "url": "http://store.staging.iati.cloud/api/regions/reg_kua/?format=json",
        "code": "reg_kua",
        "name": "Vocabulary 99"
      },
      "count": 3
    },
    {
      "recipient_region": {
        "url": "http://store.staging.iati.cloud/api/regions/reg_lim/?format=json",
        "code": "reg_lim",
        "name": "Vocabulary 99"
      },
      "count": 3
    },
    {
      "recipient_region": {
        "url": "http://store.staging.iati.cloud/api/regions/reg_mex/?format=json",
        "code": "reg_mex",
        "name": "Vocabulary 99"
      },
      "count": 3
    },
    {
      "recipient_region": {
        "url": "http://store.staging.iati.cloud/api/regions/reg_mos/?format=json",
        "code": "reg_mos",
        "name": "Vocabulary 99"
      },
      "count": 3
    },
    {
      "recipient_region": {
        "url": "http://store.staging.iati.cloud/api/regions/reg_nai/?format=json",
        "code": "reg_nai",
        "name": "Vocabulary 99"
      },
      "count": 3
    },
    {
      "recipient_region": {
        "url": "http://store.staging.iati.cloud/api/regions/reg_pan/?format=json",
        "code": "reg_pan",
        "name": "Vocabulary 99"
      },
      "count": 1
    },
    {
      "recipient_region": {
        "url": "http://store.staging.iati.cloud/api/regions/reg_pre/?format=json",
        "code": "reg_pre",
        "name": "Vocabulary 99"
      },
      "count": 3
    },
    {
      "recipient_region": {
        "url": "http://store.staging.iati.cloud/api/regions/reg_suv/?format=json",
        "code": "reg_suv",
        "name": "Vocabulary 99"
      },
      "count": 3
    },
    {
      "recipient_region": {
        "url": "http://store.staging.iati.cloud/api/regions/reg_tac/?format=json",
        "code": "reg_tac",
        "name": "Vocabulary 99"
      },
      "count": 3
    },
    {
      "recipient_region": {
        "url": "http://store.staging.iati.cloud/api/regions/reg_tun/?format=json",
        "code": "reg_tun",
        "name": "Vocabulary 99"
      },
      "count": 3
    },
    {
      "recipient_region": {
        "url": "http://store.staging.iati.cloud/api/regions/reg_yao/?format=json",
        "code": "reg_yao",
        "name": "Vocabulary 99"
      },
      "count": 3
    },
    {
      "recipient_region": {
        "url": "http://store.staging.iati.cloud/api/regions/sahel-region/?format=json",
        "code": "sahel-region",
        "name": "Vocabulary 99"
      },
      "count": 5
    },
    {
      "recipient_region": {
        "url": "http://store.staging.iati.cloud/api/regions/south-cone-of-latin-america-subregional/?format=json",
        "code": "south-cone-of-latin-america-subregional",
        "name": "Vocabulary 99"
      },
      "count": 1
    },
    {
      "recipient_region": {
        "url": "http://store.staging.iati.cloud/api/regions/south-eastern-asia-and-the-pacific/?format=json",
        "code": "south-eastern-asia-and-the-pacific",
        "name": "Vocabulary 99"
      },
      "count": 2
    },
    {
      "recipient_region": {
        "url": "http://store.staging.iati.cloud/api/regions/southern-africa/?format=json",
        "code": "southern-africa",
        "name": "Vocabulary 99"
      },
      "count": 6
    },
    {
      "recipient_region": {
        "url": "http://store.staging.iati.cloud/api/regions/UG-102/?format=json",
        "code": "UG-102",
        "name": "Vocubulary 99"
      },
      "count": 1
    },
    {
      "recipient_region": {
        "url": "http://store.staging.iati.cloud/api/regions/UG-413/?format=json",
        "code": "UG-413",
        "name": "Vocubulary 99"
      },
      "count": 1
    },
    {
      "recipient_region": {
        "url": "http://store.staging.iati.cloud/api/regions/XE/?format=json",
        "code": "XE",
        "name": "Vocubulary 99"
      },
      "count": 120
    }
  ],
  "count": 126
}