[
    {
        "type": "Group",
        "name": "querybuilder module",
        "parent_id": null,
        "workspaceRoot": null,
        "workspacePath": null,
        "id": "gcwZ2qfKkzQEr687",
        "iconColor": "rgb(0, 139, 139)"
    },
    {
        "type": "Group",
        "name": "components",
        "parent_id": null,
        "workspaceRoot": null,
        "workspacePath": null,
        "id": "NkRlra4TEZe1Xn2z",
        "iconColor": "rgb(128, 0, 128)"
    },
    {
        "type": "Group",
        "name": "landing module",
        "parent_id": null,
        "workspaceRoot": null,
        "workspacePath": null,
        "id": "ZIULT4DjuShW6v32",
        "iconColor": "rgb(107, 142, 35)"
    },
    {
        "type": "Group",
        "name": "app state",
        "parent_id": null,
        "workspaceRoot": null,
        "workspacePath": null,
        "id": "A0ThlHizxE7RuKke",
        "iconColor": "rgb(65, 105, 225)"
    },
    {
        "type": "Group",
        "name": "app config",
        "parent_id": null,
        "workspaceRoot": null,
        "workspacePath": null,
        "id": "ZMwEQF8oWDrYdvJg",
        "iconColor": "rgb(173, 255, 47)"
    },
    {
        "type": "File",
        "name": "/Users/zimmerman-jim/Documents/projects/zimmerman/oipa-query-builder/.babelrc",
        "parent_id": "ZMwEQF8oWDrYdvJg",
        "workspaceRoot": "/Users/zimmerman-jim/Documents/projects/zimmerman/oipa-query-builder",
        "workspacePath": ".babelrc",
        "id": "sighPfcRNEenYZCt"
    },
    {
        "type": "File",
        "name": "/Users/zimmerman-jim/Documents/projects/zimmerman/oipa-query-builder/.editorconfig",
        "parent_id": "ZMwEQF8oWDrYdvJg",
        "workspaceRoot": "/Users/zimmerman-jim/Documents/projects/zimmerman/oipa-query-builder",
        "workspacePath": ".editorconfig",
        "id": "VBwFPyY2nM4qWXt9"
    },
    {
        "type": "File",
        "name": "/Users/zimmerman-jim/Documents/projects/zimmerman/oipa-query-builder/.env",
        "parent_id": "ZMwEQF8oWDrYdvJg",
        "workspaceRoot": "/Users/zimmerman-jim/Documents/projects/zimmerman/oipa-query-builder",
        "workspacePath": ".env",
        "id": "ep6qCZ1I7xytTk5P"
    },
    {
        "type": "File",
        "name": "/Users/zimmerman-jim/Documents/projects/zimmerman/oipa-query-builder/.eslintignore",
        "parent_id": "ZMwEQF8oWDrYdvJg",
        "workspaceRoot": "/Users/zimmerman-jim/Documents/projects/zimmerman/oipa-query-builder",
        "workspacePath": ".eslintignore",
        "id": "A24ojyXxYcThld8n"
    },
    {
        "type": "File",
        "name": "/Users/zimmerman-jim/Documents/projects/zimmerman/oipa-query-builder/.eslintrc.js",
        "parent_id": "ZMwEQF8oWDrYdvJg",
        "workspaceRoot": "/Users/zimmerman-jim/Documents/projects/zimmerman/oipa-query-builder",
        "workspacePath": ".eslintrc.js",
        "id": "hSClRQIoL7bVgX3w"
    },
    {
        "type": "File",
        "name": "/Users/zimmerman-jim/Documents/projects/zimmerman/oipa-query-builder/.favorites.json",
        "parent_id": "ZMwEQF8oWDrYdvJg",
        "workspaceRoot": "/Users/zimmerman-jim/Documents/projects/zimmerman/oipa-query-builder",
        "workspacePath": ".favorites.json",
        "id": "4PK2mSipejFnB17W"
    },
    {
        "type": "File",
        "name": "/Users/zimmerman-jim/Documents/projects/zimmerman/oipa-query-builder/.gitignore",
        "parent_id": "ZMwEQF8oWDrYdvJg",
        "workspaceRoot": "/Users/zimmerman-jim/Documents/projects/zimmerman/oipa-query-builder",
        "workspacePath": ".gitignore",
        "id": "TntNsu5fkaABLYDw"
    },
    {
        "type": "File",
        "name": "/Users/zimmerman-jim/Documents/projects/zimmerman/oipa-query-builder/.percy.yml",
        "parent_id": "ZMwEQF8oWDrYdvJg",
        "workspaceRoot": "/Users/zimmerman-jim/Documents/projects/zimmerman/oipa-query-builder",
        "workspacePath": ".percy.yml",
        "id": "WrPNiySeBfc3MJ4v"
    },
    {
        "type": "File",
        "name": "/Users/zimmerman-jim/Documents/projects/zimmerman/oipa-query-builder/.prettierignore",
        "parent_id": "ZMwEQF8oWDrYdvJg",
        "workspaceRoot": "/Users/zimmerman-jim/Documents/projects/zimmerman/oipa-query-builder",
        "workspacePath": ".prettierignore",
        "id": "KCneQzIcXp5Y7kth"
    },
    {
        "type": "File",
        "name": "/Users/zimmerman-jim/Documents/projects/zimmerman/oipa-query-builder/.prettierrc",
        "parent_id": "ZMwEQF8oWDrYdvJg",
        "workspaceRoot": "/Users/zimmerman-jim/Documents/projects/zimmerman/oipa-query-builder",
        "workspacePath": ".prettierrc",
        "id": "zegT5LpUJMmHsytB"
    },
    {
        "type": "File",
        "name": "/Users/zimmerman-jim/Documents/projects/zimmerman/oipa-query-builder/.stylelintrc",
        "parent_id": "ZMwEQF8oWDrYdvJg",
        "workspaceRoot": "/Users/zimmerman-jim/Documents/projects/zimmerman/oipa-query-builder",
        "workspacePath": ".stylelintrc",
        "id": "Zbcv5yPiGtJhpsq6"
    },
    {
        "type": "File",
        "name": "/Users/zimmerman-jim/Documents/projects/zimmerman/oipa-query-builder/commitlint.config.js",
        "parent_id": "ZMwEQF8oWDrYdvJg",
        "workspaceRoot": "/Users/zimmerman-jim/Documents/projects/zimmerman/oipa-query-builder",
        "workspacePath": "commitlint.config.js",
        "id": "BLGn85mxj6ku9IDc"
    },
    {
        "type": "File",
        "name": "/Users/zimmerman-jim/Documents/projects/zimmerman/oipa-query-builder/cypress.json",
        "parent_id": "ZMwEQF8oWDrYdvJg",
        "workspaceRoot": "/Users/zimmerman-jim/Documents/projects/zimmerman/oipa-query-builder",
        "workspacePath": "cypress.json",
        "id": "o3e5rfdQgB4vql8u"
    },
    {
        "type": "File",
        "name": "/Users/zimmerman-jim/Documents/projects/zimmerman/oipa-query-builder/package.json",
        "parent_id": "ZMwEQF8oWDrYdvJg",
        "workspaceRoot": "/Users/zimmerman-jim/Documents/projects/zimmerman/oipa-query-builder",
        "workspacePath": "package.json",
        "id": "LMvRSdTWBOE3pu9U"
    },
    {
        "type": "File",
        "name": "/Users/zimmerman-jim/Documents/projects/zimmerman/oipa-query-builder/README.md",
        "parent_id": "ZMwEQF8oWDrYdvJg",
        "workspaceRoot": "/Users/zimmerman-jim/Documents/projects/zimmerman/oipa-query-builder",
        "workspacePath": "README.md",
        "id": "MzjJqgPv9HpGWA34"
    },
    {
        "type": "File",
        "name": "/Users/zimmerman-jim/Documents/projects/zimmerman/oipa-query-builder/tsconfig.json",
        "parent_id": "ZMwEQF8oWDrYdvJg",
        "workspaceRoot": "/Users/zimmerman-jim/Documents/projects/zimmerman/oipa-query-builder",
        "workspacePath": "tsconfig.json",
        "id": "6nlHiaxbEJzg5vCW"
    },
    {
        "type": "File",
        "name": "/Users/zimmerman-jim/Documents/projects/zimmerman/oipa-query-builder/yarn.lock",
        "parent_id": "ZMwEQF8oWDrYdvJg",
        "workspaceRoot": "/Users/zimmerman-jim/Documents/projects/zimmerman/oipa-query-builder",
        "workspacePath": "yarn.lock",
        "id": "tWpNJoKGgxBwb8sY"
    },
    {
        "type": "Directory",
        "name": "/Users/zimmerman-jim/Documents/projects/zimmerman/oipa-query-builder/scripts",
        "parent_id": "ZMwEQF8oWDrYdvJg",
        "workspaceRoot": "/Users/zimmerman-jim/Documents/projects/zimmerman/oipa-query-builder",
        "workspacePath": "scripts",
        "id": "BQvceb5ZJfryGL1w"
    },
    {
        "type": "Directory",
        "name": "/Users/zimmerman-jim/Documents/projects/zimmerman/oipa-query-builder/config",
        "parent_id": "ZMwEQF8oWDrYdvJg",
        "workspaceRoot": "/Users/zimmerman-jim/Documents/projects/zimmerman/oipa-query-builder",
        "workspacePath": "config",
        "id": "8bXiNFQPemzTl5fV"
    },
    {
        "type": "Directory",
        "name": "/Users/zimmerman-jim/Documents/projects/zimmerman/oipa-query-builder/.circleci",
        "parent_id": "ZMwEQF8oWDrYdvJg",
        "workspaceRoot": "/Users/zimmerman-jim/Documents/projects/zimmerman/oipa-query-builder",
        "workspacePath": ".circleci",
        "id": "cEF8kUKpOCqb3ldR"
    },
    {
        "type": "Directory",
        "name": "/Users/zimmerman-jim/Documents/projects/zimmerman/oipa-query-builder/src/app/state/actions",
        "parent_id": "A0ThlHizxE7RuKke",
        "workspaceRoot": "/Users/zimmerman-jim/Documents/projects/zimmerman/oipa-query-builder",
        "workspacePath": "src/app/state/actions",
        "id": "Z1UiNCy0hQloGIwA"
    },
    {
        "type": "Directory",
        "name": "/Users/zimmerman-jim/Documents/projects/zimmerman/oipa-query-builder/src/app/state/api",
        "parent_id": "A0ThlHizxE7RuKke",
        "workspaceRoot": "/Users/zimmerman-jim/Documents/projects/zimmerman/oipa-query-builder",
        "workspacePath": "src/app/state/api",
        "id": "AkQeWTvjfDh7cVo8"
    },
    {
        "type": "Directory",
        "name": "/Users/zimmerman-jim/Documents/projects/zimmerman/oipa-query-builder/src/app/state/interfaces",
        "parent_id": "A0ThlHizxE7RuKke",
        "workspaceRoot": "/Users/zimmerman-jim/Documents/projects/zimmerman/oipa-query-builder",
        "workspacePath": "src/app/state/interfaces",
        "id": "wVE4iUKAT6foJt5p"
    },
    {
        "type": "Directory",
        "name": "/Users/zimmerman-jim/Documents/projects/zimmerman/oipa-query-builder/src/app/state/models",
        "parent_id": "A0ThlHizxE7RuKke",
        "workspaceRoot": "/Users/zimmerman-jim/Documents/projects/zimmerman/oipa-query-builder",
        "workspacePath": "src/app/state/models",
        "id": "PT3Ct16KsAHIvpuh"
    },
    {
        "type": "Directory",
        "name": "/Users/zimmerman-jim/Documents/projects/zimmerman/oipa-query-builder/src/app/state/services",
        "parent_id": "A0ThlHizxE7RuKke",
        "workspaceRoot": "/Users/zimmerman-jim/Documents/projects/zimmerman/oipa-query-builder",
        "workspacePath": "src/app/state/services",
        "id": "s1yn7Qa4wUjKiquk"
    },
    {
        "type": "Directory",
        "name": "/Users/zimmerman-jim/Documents/projects/zimmerman/oipa-query-builder/src/app/state/store",
        "parent_id": "A0ThlHizxE7RuKke",
        "workspaceRoot": "/Users/zimmerman-jim/Documents/projects/zimmerman/oipa-query-builder",
        "workspacePath": "src/app/state/store",
        "id": "DSoPWbTGm5NLzUnd"
    },
    {
        "type": "Directory",
        "name": "/Users/zimmerman-jim/Documents/projects/zimmerman/oipa-query-builder/src/app/state/utils",
        "parent_id": "A0ThlHizxE7RuKke",
        "workspaceRoot": "/Users/zimmerman-jim/Documents/projects/zimmerman/oipa-query-builder",
        "workspacePath": "src/app/state/utils",
        "id": "f5X0aDtpTKwB1mOI"
    },
    {
        "type": "Directory",
        "name": "/Users/zimmerman-jim/Documents/projects/zimmerman/oipa-query-builder/src/app/components/common",
        "parent_id": "NkRlra4TEZe1Xn2z",
        "workspaceRoot": "/Users/zimmerman-jim/Documents/projects/zimmerman/oipa-query-builder",
        "workspacePath": "src/app/components/common",
        "id": "0YUXjkOGcyISlHuE"
    },
    {
        "type": "Directory",
        "name": "/Users/zimmerman-jim/Documents/projects/zimmerman/oipa-query-builder/src/app/components/datadisplay",
        "parent_id": "NkRlra4TEZe1Xn2z",
        "workspaceRoot": "/Users/zimmerman-jim/Documents/projects/zimmerman/oipa-query-builder",
        "workspacePath": "src/app/components/datadisplay",
        "id": "SgvhNtjuacO95L42"
    },
    {
        "type": "Directory",
        "name": "/Users/zimmerman-jim/Documents/projects/zimmerman/oipa-query-builder/src/app/components/feedback",
        "parent_id": "NkRlra4TEZe1Xn2z",
        "workspaceRoot": "/Users/zimmerman-jim/Documents/projects/zimmerman/oipa-query-builder",
        "workspacePath": "src/app/components/feedback",
        "id": "0nOHwSXYvh1mW3bV"
    },
    {
        "type": "Directory",
        "name": "/Users/zimmerman-jim/Documents/projects/zimmerman/oipa-query-builder/src/app/components/inputs",
        "parent_id": "NkRlra4TEZe1Xn2z",
        "workspaceRoot": "/Users/zimmerman-jim/Documents/projects/zimmerman/oipa-query-builder",
        "workspacePath": "src/app/components/inputs",
        "id": "1ihNYzoSPlZkmxRs"
    },
    {
        "type": "Directory",
        "name": "/Users/zimmerman-jim/Documents/projects/zimmerman/oipa-query-builder/src/app/components/navigation",
        "parent_id": "NkRlra4TEZe1Xn2z",
        "workspaceRoot": "/Users/zimmerman-jim/Documents/projects/zimmerman/oipa-query-builder",
        "workspacePath": "src/app/components/navigation",
        "id": "qAHv2uBTdJUagVnj"
    },
    {
        "type": "Directory",
        "name": "/Users/zimmerman-jim/Documents/projects/zimmerman/oipa-query-builder/src/app/components/sort",
        "parent_id": "NkRlra4TEZe1Xn2z",
        "workspaceRoot": "/Users/zimmerman-jim/Documents/projects/zimmerman/oipa-query-builder",
        "workspacePath": "src/app/components/sort",
        "id": "7gWq1pfBe52IsOw0"
    },
    {
        "type": "Directory",
        "name": "/Users/zimmerman-jim/Documents/projects/zimmerman/oipa-query-builder/src/app/components/surfaces",
        "parent_id": "NkRlra4TEZe1Xn2z",
        "workspaceRoot": "/Users/zimmerman-jim/Documents/projects/zimmerman/oipa-query-builder",
        "workspacePath": "src/app/components/surfaces",
        "id": "JItjZTSz2NkVmgqA"
    },
    {
        "type": "Directory",
        "name": "/Users/zimmerman-jim/Documents/projects/zimmerman/oipa-query-builder/src/app/components/utils",
        "parent_id": "NkRlra4TEZe1Xn2z",
        "workspaceRoot": "/Users/zimmerman-jim/Documents/projects/zimmerman/oipa-query-builder",
        "workspacePath": "src/app/components/utils",
        "id": "P0zUsf2lGiScN9HD"
    },
    {
        "type": "Directory",
        "name": "/Users/zimmerman-jim/Documents/projects/zimmerman/oipa-query-builder/src/app/modules/QueryBuilder/fragments",
        "parent_id": "gcwZ2qfKkzQEr687",
        "workspaceRoot": "/Users/zimmerman-jim/Documents/projects/zimmerman/oipa-query-builder",
        "workspacePath": "src/app/modules/QueryBuilder/fragments",
        "id": "r2D8U9ZnRqjpOYTc"
    },
    {
        "type": "Directory",
        "name": "/Users/zimmerman-jim/Documents/projects/zimmerman/oipa-query-builder/src/app/modules/QueryBuilder/state",
        "parent_id": "gcwZ2qfKkzQEr687",
        "workspaceRoot": "/Users/zimmerman-jim/Documents/projects/zimmerman/oipa-query-builder",
        "workspacePath": "src/app/modules/QueryBuilder/state",
        "id": "nNSsjZW1KhcqfbeR"
    },
    {
        "type": "File",
        "name": "/Users/zimmerman-jim/Documents/projects/zimmerman/oipa-query-builder/src/app/modules/QueryBuilder/index.tsx",
        "parent_id": "gcwZ2qfKkzQEr687",
        "workspaceRoot": "/Users/zimmerman-jim/Documents/projects/zimmerman/oipa-query-builder",
        "workspacePath": "src/app/modules/QueryBuilder/index.tsx",
        "id": "RgWJ9ubDPLxlO0ad"
    },
    {
        "type": "File",
        "name": "/Users/zimmerman-jim/Documents/projects/zimmerman/oipa-query-builder/src/app/modules/QueryBuilder/layout.tsx",
        "parent_id": "gcwZ2qfKkzQEr687",
        "workspaceRoot": "/Users/zimmerman-jim/Documents/projects/zimmerman/oipa-query-builder",
        "workspacePath": "src/app/modules/QueryBuilder/layout.tsx",
        "id": "0TJXRmd6xnjcouDC"
    },
    {
        "type": "File",
        "name": "/Users/zimmerman-jim/Documents/projects/zimmerman/oipa-query-builder/src/app/modules/QueryBuilder/mock.ts",
        "parent_id": "gcwZ2qfKkzQEr687",
        "workspaceRoot": "/Users/zimmerman-jim/Documents/projects/zimmerman/oipa-query-builder",
        "workspacePath": "src/app/modules/QueryBuilder/mock.ts",
        "id": "zsPDfVIXE0OBCTHh"
    },
    {
        "type": "File",
        "name": "/Users/zimmerman-jim/Documents/projects/zimmerman/oipa-query-builder/src/app/modules/QueryBuilder/story.tsx",
        "parent_id": "gcwZ2qfKkzQEr687",
        "workspaceRoot": "/Users/zimmerman-jim/Documents/projects/zimmerman/oipa-query-builder",
        "workspacePath": "src/app/modules/QueryBuilder/story.tsx",
        "id": "Cr081nXJzSPHVhis"
    },
    {
        "type": "File",
        "name": "/Users/zimmerman-jim/Documents/projects/zimmerman/oipa-query-builder/src/app/modules/Landing/comp.spec.tsx",
        "parent_id": "ZIULT4DjuShW6v32",
        "workspaceRoot": "/Users/zimmerman-jim/Documents/projects/zimmerman/oipa-query-builder",
        "workspacePath": "src/app/modules/Landing/comp.spec.tsx",
        "id": "Rh8cpClrU5OIFXbJ"
    },
    {
        "type": "File",
        "name": "/Users/zimmerman-jim/Documents/projects/zimmerman/oipa-query-builder/src/app/modules/Landing/index.tsx",
        "parent_id": "ZIULT4DjuShW6v32",
        "workspaceRoot": "/Users/zimmerman-jim/Documents/projects/zimmerman/oipa-query-builder",
        "workspacePath": "src/app/modules/Landing/index.tsx",
        "id": "B6A1DwrWZcs3VXF8"
    },
    {
        "type": "File",
        "name": "/Users/zimmerman-jim/Documents/projects/zimmerman/oipa-query-builder/src/app/modules/Landing/layout.tsx",
        "parent_id": "ZIULT4DjuShW6v32",
        "workspaceRoot": "/Users/zimmerman-jim/Documents/projects/zimmerman/oipa-query-builder",
        "workspacePath": "src/app/modules/Landing/layout.tsx",
        "id": "GntpiehOUPsTuSBq"
    },
    {
        "type": "File",
        "name": "/Users/zimmerman-jim/Documents/projects/zimmerman/oipa-query-builder/src/app/modules/Landing/story.tsx",
        "parent_id": "ZIULT4DjuShW6v32",
        "workspaceRoot": "/Users/zimmerman-jim/Documents/projects/zimmerman/oipa-query-builder",
        "workspacePath": "src/app/modules/Landing/story.tsx",
        "id": "xJ2tML1CmpB78qjG"
    },
    {
        "type": "Group",
        "name": "step 1",
        "parent_id": null,
        "workspaceRoot": null,
        "workspacePath": null,
        "id": "DBCq9eyiP6m0hMHb",
        "iconColor": "rgb(255, 0, 0)"
    },
    {
        "type": "Group",
        "name": "step 2",
        "parent_id": null,
        "workspaceRoot": null,
        "workspacePath": null,
        "id": "JNrnyg7dDxkpBtfL",
        "iconColor": "rgb(106, 90, 205)"
    },
    {
        "type": "Group",
        "name": "step 3",
        "parent_id": null,
        "workspaceRoot": null,
        "workspacePath": null,
        "id": "boMpHBudnN0zXs84",
        "iconColor": "rgb(0, 0, 128)"
    },
    {
        "type": "Group",
        "name": "step 4",
        "parent_id": null,
        "workspaceRoot": null,
        "workspacePath": null,
        "id": "MbSBK1ZayWfXmh7t",
        "iconColor": "rgb(255, 165, 0)"
    },
    {
        "type": "Directory",
        "name": "/Users/zimmerman-jim/Documents/projects/zimmerman/oipa-query-builder/src/app/modules/QueryBuilder/steps/organisation",
        "parent_id": "DBCq9eyiP6m0hMHb",
        "workspaceRoot": "/Users/zimmerman-jim/Documents/projects/zimmerman/oipa-query-builder",
        "workspacePath": "src/app/modules/QueryBuilder/steps/organisation",
        "id": "sH7PV3hRtMk8Iyj6"
    },
    {
        "type": "Directory",
        "name": "/Users/zimmerman-jim/Documents/projects/zimmerman/oipa-query-builder/src/app/modules/QueryBuilder/steps/additional-filters",
        "parent_id": "JNrnyg7dDxkpBtfL",
        "workspaceRoot": "/Users/zimmerman-jim/Documents/projects/zimmerman/oipa-query-builder",
        "workspacePath": "src/app/modules/QueryBuilder/steps/additional-filters",
        "id": "u7bMVHjPseJ90voE"
    },
    {
        "type": "Directory",
        "name": "/Users/zimmerman-jim/Documents/projects/zimmerman/oipa-query-builder/src/app/modules/QueryBuilder/steps/output-format",
        "parent_id": "boMpHBudnN0zXs84",
        "workspaceRoot": "/Users/zimmerman-jim/Documents/projects/zimmerman/oipa-query-builder",
        "workspacePath": "src/app/modules/QueryBuilder/steps/output-format",
        "id": "DZ1YsgR9xUQOk5Ll"
    },
    {
        "type": "Directory",
        "name": "/Users/zimmerman-jim/Documents/projects/zimmerman/oipa-query-builder/src/app/modules/QueryBuilder/steps/results",
        "parent_id": "MbSBK1ZayWfXmh7t",
        "workspaceRoot": "/Users/zimmerman-jim/Documents/projects/zimmerman/oipa-query-builder",
        "workspacePath": "src/app/modules/QueryBuilder/steps/results",
        "id": "SWd6G3a9RcVD2hFj"
    },
    {
        "type": "Directory",
        "name": "/Users/zimmerman-jim/Documents/projects/zimmerman/oipa-query-builder/src/app/modules/Documentation",
        "parent_id": null,
        "workspaceRoot": "/Users/zimmerman-jim/Documents/projects/zimmerman/oipa-query-builder",
        "workspacePath": "src/app/modules/Documentation",
        "id": "oDSkR3yp08H4iz2a"
    }
]
